time_s,linear_x,angular_z,marker,flag
2941.0853,0.0159,-0.0,driving,
2941.0915,0.0373,-0.0,driving,
2941.1000,0.0373,-0.0062,driving,
2941.1002,0.0699,-0.0062,driving,
2941.1064,0.0699,-0.0207,driving,
2941.1066,0.1061,-0.0207,driving,
2941.1149,0.1061,-0.0391,driving,
2941.1151,0.3228,-0.0391,driving,
2941.1213,0.3228,-0.0619,driving,
2941.1215,0.3351,-0.0619,driving,
2941.1301,0.3351,-0.088,driving,
2941.1303,0.3664,-0.088,driving,
2941.1369,0.3664,-0.1175,driving,
2941.1376,0.6003,-0.1175,driving,
2941.1456,0.6003,-0.1474,driving,
2941.1462,0.6229,-0.1474,driving,
2941.1522,0.6229,-0.1771,driving,
2941.1524,0.8551,-0.1771,driving,
2941.1599,0.8551,-0.2056,driving,
2941.1607,0.89,-0.2056,driving,
2941.1674,0.89,-0.2327,driving,
2941.1754,0.89,-0.2595,driving,
2941.1818,0.89,-0.2862,driving,
2941.1906,0.89,-0.3081,driving,
2941.1972,0.89,-0.3259,driving,
2941.2045,0.89,-0.3402,driving,
2941.2119,0.89,-0.3515,driving,
2941.2197,0.89,-0.3606,driving,
2941.2270,0.89,-0.3682,driving,
2941.2357,0.89,-0.3741,driving,
2941.2424,0.89,-0.3789,driving,
2941.2724,0.89,-0.3921,driving,
2941.2801,0.89,-0.3998,driving,
2941.2874,0.89,-0.41,driving,
2941.2951,0.89,-0.4216,driving,
2941.3025,0.89,-0.4348,driving,
2941.3100,0.89,-0.4492,driving,
2941.3176,0.89,-0.4636,driving,
2941.3251,0.89,-0.4776,driving,
2941.3316,0.89,-0.4918,driving,
2941.3405,0.89,-0.5075,driving,
2941.3467,0.89,-0.5257,driving,
2941.3556,0.89,-0.5452,driving,
2941.3623,0.89,-0.5657,driving,
2941.3699,0.89,-0.5852,driving,
2941.3771,0.89,-0.6044,driving,
2941.3849,0.89,-0.6256,driving,
2941.3925,0.89,-0.6531,driving,
2941.4002,0.89,-0.6816,driving,
2941.4067,0.89,-0.7095,driving,
2941.4153,0.89,-0.7359,driving,
2941.4219,0.89,-0.7631,driving,
2941.4305,0.89,-0.7891,driving,
2941.4369,0.89,-0.8154,driving,
2941.4457,0.89,-0.8407,driving,
2941.4523,0.89,-0.8654,driving,
2941.4597,0.89,-0.8878,driving,
2941.4675,0.89,-0.908,driving,
2941.4748,0.89,-1.0,driving,
2941.5143,0.89,-1.0,driving,
2941.5350,0.89,-1.0,driving,
2941.5571,0.8815,-1.0,driving,
2941.5648,0.8783,-1.0,driving,
2941.5721,0.8725,-1.0,driving,
2941.5798,0.8643,-1.0,driving,
2941.5870,0.8537,-1.0,driving,
2941.5945,0.8425,-1.0,driving,
2941.6022,0.8306,-1.0,driving,
2941.6101,0.8173,-1.0,driving,
2941.6174,0.8032,-1.0,driving,
2941.6249,0.7878,-1.0,driving,
2941.6327,0.7718,-1.0,driving,
2941.6404,0.7565,-1.0,driving,
2941.6467,0.7419,-1.0,driving,
2941.6554,0.7277,-1.0,driving,
2941.6621,0.7133,-1.0,driving,
2941.6695,0.6994,-1.0,driving,
2941.6774,0.685,-1.0,driving,
2941.6847,0.6689,-1.0,driving,
2941.6921,0.6535,-1.0,driving,
2941.6998,0.639,-1.0,driving,
2941.7076,0.6256,-1.0,driving,
2941.7153,0.6116,-1.0,driving,
2941.7229,0.5956,-1.0,driving,
2941.7303,0.5791,-1.0,driving,
2941.7370,0.5628,-1.0,driving,
2941.7456,0.5434,-1.0,driving,
2941.7520,0.5215,-1.0,driving,
2941.7606,0.4988,-1.0,driving,
2941.7671,0.4741,-1.0,driving,
2941.7747,0.4505,-1.0,driving,
2941.7821,0.4281,-1.0,driving,
2941.7897,0.4052,-1.0,driving,
2941.7973,0.3815,-1.0,driving,
2941.8048,0.3569,-1.0,driving,
2941.8126,0.3323,-1.0,driving,
2941.8202,0.3066,-1.0,driving,
2941.8272,0.28,-1.0,driving,
2941.8346,0.2521,-1.0,driving,
2941.8421,0.2164,-1.0,driving,
2941.8495,0.1777,-1.0,driving,
2941.8569,-0.0,-1.0,driving,
2941.8802,-0.0,-1.0,driving,
2941.9014,-0.102,-1.0,driving,
2941.9098,-0.1158,-1.0,driving,
2941.9173,-0.1402,-1.0,driving,
2941.9248,-0.1751,-1.0,driving,
2941.9327,-0.3955,-1.0,driving,
2941.9402,-0.4108,-1.0,driving,
2941.9473,-0.4373,-1.0,driving,
2941.9552,-0.4716,-1.0,driving,
2941.9627,-0.5109,-1.0,driving,
2941.9698,-0.7371,-1.0,driving,
2941.9777,-0.7489,-1.0,driving,
2941.9848,-0.7489,-0.9279,driving,
2941.9850,-0.768,-0.9279,driving,
2941.9922,-0.768,-0.91,driving,
2941.9924,-0.7913,-0.91,driving,
2942.0002,-0.7913,-0.8868,driving,
2942.0008,-0.89,-0.8868,driving,
2942.0076,-0.89,-0.85,driving,
2942.0148,-0.89,-0.8068,driving,
2942.0222,-0.89,-0.5597,driving,
2942.0296,-0.89,-0.5509,driving,
2942.0371,-0.89,-0.5343,driving,
2942.0445,-0.89,-0.5126,driving,
2942.0519,-0.89,-0.4859,driving,
2942.0593,-0.89,-0.4524,driving,
2942.0668,-0.89,-0.4166,driving,
2942.0753,-0.89,-0.3802,driving,
2942.0817,-0.89,-0.3426,driving,
2942.0902,-0.89,-0.3083,driving,
2942.0965,-0.89,-0.2781,driving,
2942.1055,-0.89,-0.2515,driving,
2942.1115,-0.89,-0.2279,driving,
2942.1200,-0.89,-0.2064,driving,
2942.1264,-0.89,-0.1871,driving,
2942.1349,-0.89,-0.1694,driving,
2942.1423,-0.89,-0.1538,driving,
2942.1502,-0.89,-0.1402,driving,
2942.1577,-0.89,-0.1292,driving,
2942.1649,-0.89,-0.1201,driving,
2942.1717,-0.89,-0.1126,driving,
2942.1799,-0.89,-0.1068,driving,
2942.1873,-0.89,-0.1023,driving,
2942.1952,-0.89,-0.0986,driving,
2942.2017,-0.89,-0.0958,driving,
2942.2104,-0.89,-0.0934,driving,
2942.2306,-0.89,-0.0934,driving,
2942.2318,-0.89,-0.1037,driving,
2942.2404,-0.89,-0.1155,driving,
2942.2465,-0.89,-0.1296,driving,
2942.2554,-0.89,-0.1477,driving,
2942.2614,-0.89,-0.1737,driving,
2942.2699,-0.89,-0.2048,driving,
2942.2763,-0.89,-0.2439,driving,
2942.2848,-0.89,-0.2909,driving,
2942.2927,-0.89,-0.5468,driving,
2942.3002,-0.89,-0.5647,driving,
2942.3067,-0.89,-0.5927,driving,
2942.3154,-0.89,-0.6319,driving,
2942.3219,-0.89,-0.6709,driving,
2942.3225,-0.8438,-0.6709,driving,
2942.3309,-0.8438,-0.71,driving,
2942.3316,-0.8304,-0.71,driving,
2942.3387,-0.8304,-0.7462,driving,
2942.3394,-0.8004,-0.7462,driving,
2942.3447,-0.8004,-0.7761,driving,
2942.3449,-0.5729,-0.7761,driving,
2942.3521,-0.5729,-0.7995,driving,
2942.3523,-0.5512,-0.7995,driving,
2942.3602,-0.5512,-0.8081,driving,
2942.3612,-0.3125,-0.8081,driving,
2942.3677,-0.2817,-0.8081,driving,
2942.3752,-0.2817,-0.783,driving,
2942.3760,-0.0152,-0.783,driving,
2942.3813,-0.0152,-0.5447,driving,
2942.3815,-0.0,-0.5447,driving,
2942.3903,-0.0,-0.5158,driving,
2942.3909,0.0133,-0.5158,driving,
2942.3968,0.0133,-0.2357,driving,
2942.3974,0.0435,-0.2357,driving,
2942.4054,0.0435,-0.2198,driving,
2942.4060,0.0842,-0.2198,driving,
2942.4120,0.0842,-0.2025,driving,
2942.4126,0.3096,-0.2025,driving,
2942.4206,0.3096,-0.1865,driving,
2942.4212,0.3198,-0.1865,driving,
2942.4270,0.3198,-0.1727,driving,
2942.4276,0.3372,-0.1727,driving,
2942.4357,0.3372,-0.1611,driving,
2942.4363,0.3694,-0.1611,driving,
2942.4428,0.3694,-0.1519,driving,
2942.4430,0.588,-0.1519,driving,
2942.4497,0.588,-0.1443,driving,
2942.4503,0.6048,-0.1443,driving,
2942.4574,0.6048,-0.1385,driving,
2942.4580,0.6387,-0.1385,driving,
2942.4649,0.6387,-0.1336,driving,
2942.4656,0.89,-0.1336,driving,
2942.4725,0.89,-0.1296,driving,
2942.4801,0.89,-0.122,driving,
2942.4886,0.89,-0.1049,driving,
2942.4950,0.89,-0.0755,driving,
2942.5026,0.89,-0.0318,driving,
2942.5103,0.89,-0.0,driving,
2942.5328,0.89,-0.0,driving,
2942.5550,0.89,-0.0,driving,
2942.5776,0.89,-0.0,driving,
2942.5999,0.89,0.0305,driving,
2942.6075,0.89,0.0716,driving,
2942.6152,0.89,0.1159,driving,
2942.6227,0.89,0.3521,driving,
2942.6301,0.89,0.3596,driving,
2942.6375,0.89,0.3717,driving,
2942.6451,0.89,0.3881,driving,
2942.6526,0.89,0.4067,driving,
2942.6601,0.89,0.4259,driving,
2942.6665,0.89,0.4463,driving,
2942.6751,0.89,0.4673,driving,
2942.6825,0.89,0.489,driving,
2942.6902,0.89,0.5101,driving,
2942.6967,0.89,0.5293,driving,
2942.7053,0.89,0.5466,driving,
2942.7118,0.89,0.5628,driving,
2942.7205,0.89,0.578,driving,
2942.7268,0.89,0.5925,driving,
2942.7355,0.89,0.607,driving,
2942.7429,0.89,0.6222,driving,
2942.7507,0.89,0.6381,driving,
2942.7572,0.89,0.6545,driving,
2942.7646,0.89,0.6728,driving,
2942.7720,0.89,0.6914,driving,
2942.7806,0.89,0.7092,driving,
2942.7870,0.89,0.7283,driving,
2942.7957,0.89,0.7467,driving,
2942.8022,0.89,0.7651,driving,
2942.8098,0.89,0.7837,driving,
2942.8174,0.89,0.8018,driving,
2942.8260,0.89,0.82,driving,
2942.8325,0.89,0.8372,driving,
2942.8332,0.8693,0.8372,driving,
2942.8401,0.8693,0.8556,driving,
2942.8407,0.8636,0.8556,driving,
2942.8477,0.8636,0.8727,driving,
2942.8483,0.8541,0.8727,driving,
2942.8553,0.8541,0.8911,driving,
2942.8559,0.8394,0.8911,driving,
2942.8613,0.8394,0.9105,driving,
2942.8615,0.8212,0.9105,driving,
2942.8698,0.8212,1.0,driving,
2942.8700,0.7975,1.0,driving,
2942.8772,0.7722,1.0,driving,
2942.8847,0.7451,1.0,driving,
2942.8921,0.7175,1.0,driving,
2942.8995,0.6895,1.0,driving,
2942.9069,0.6609,1.0,driving,
2942.9144,0.6291,1.0,driving,
2942.9218,0.5959,1.0,driving,
2942.9298,0.5613,1.0,driving,
2942.9373,0.5268,1.0,driving,
2942.9449,0.4939,1.0,driving,
2942.9525,0.4644,1.0,driving,
2942.9601,0.4368,1.0,driving,
2942.9676,0.4117,1.0,driving,
2942.9753,0.3882,1.0,driving,
2942.9818,0.3676,1.0,driving,
2942.9963,0.3323,1.0,driving,
2943.0048,0.3183,1.0,driving,
2943.0127,0.3063,1.0,driving,
2943.0197,0.2966,1.0,driving,
2943.0272,0.2886,1.0,driving,
2943.0346,0.2824,1.0,driving,
2943.0420,0.2775,1.0,driving,
2943.0494,0.2735,1.0,driving,
2943.0569,0.2705,1.0,driving,
2943.0648,0.2681,1.0,driving,
2943.0793,0.2648,1.0,driving,
2943.0957,0.2638,1.0,driving,
2943.1160,0.2638,1.0,driving,
2943.1551,0.2638,1.0,driving,
2943.1751,0.2638,1.0,driving,
2943.1957,0.2638,1.0,driving,
2943.2155,0.2638,1.0,driving,
2943.2362,0.2638,1.0,driving,
2943.2672,0.2706,1.0,driving,
2943.2744,0.279,1.0,driving,
2943.2818,0.2883,1.0,driving,
2943.2903,0.2989,1.0,driving,
2943.2971,0.3109,1.0,driving,
2943.3057,0.3245,1.0,driving,
2943.3122,0.3408,1.0,driving,
2943.3198,0.3639,1.0,driving,
2943.3273,0.3917,1.0,driving,
2943.3349,0.4229,1.0,driving,
2943.3420,0.4599,1.0,driving,
2943.3494,0.501,1.0,driving,
2943.3568,0.7334,1.0,driving,
2943.3643,0.7466,1.0,driving,
2943.3717,0.7466,0.9634,driving,
2943.3719,0.7735,0.9634,driving,
2943.3805,0.7735,0.9536,driving,
2943.3811,0.89,0.9536,driving,
2943.3871,0.89,0.9308,driving,
2943.3957,0.89,0.8954,driving,
2943.4022,0.89,0.6556,driving,
2943.4098,0.89,0.6384,driving,
2943.4174,0.89,0.6032,driving,
2943.4249,0.89,0.5573,driving,
2943.4325,0.89,0.2477,driving,
2943.4399,0.89,0.2318,driving,
2943.4475,0.89,0.2021,driving,
2943.4552,0.89,0.1667,driving,
2943.4627,0.89,0.1258,driving,
2943.4703,0.89,0.083,driving,
2943.4768,0.89,0.0364,driving,
2943.4854,0.89,-0.0,driving,
2943.5069,0.89,-0.0,driving,
2943.5306,0.89,-0.0,driving,
2943.5371,0.89,-0.0272,driving,
2943.5457,0.89,-0.0575,driving,
2943.5521,0.89,-0.0869,driving,
2943.5597,0.89,-0.1157,driving,
2943.5673,0.89,-0.1429,driving,
2943.5749,0.89,-0.1679,driving,
2943.5824,0.89,-0.1931,driving,
2943.5900,0.89,-0.2206,driving,
2943.5976,0.89,-0.2546,driving,
2943.6052,0.89,-0.2934,driving,
2943.6127,0.89,-0.3363,driving,
2943.6203,0.89,-0.3786,driving,
2943.6268,0.89,-0.4235,driving,
2943.6354,0.89,-0.4692,driving,
2943.6419,0.89,-0.5135,driving,
2943.6506,0.89,-0.5587,driving,
2943.6571,0.89,-0.6036,driving,
2943.6655,0.89,-0.6458,driving,
2943.6721,0.89,-0.683,driving,
2943.6797,0.89,-0.7197,driving,
2943.6872,0.89,-0.7551,driving,
2943.6948,0.89,-0.7905,driving,
2943.7024,0.89,-0.8259,driving,
2943.7100,0.89,-0.8585,driving,
2943.7176,0.89,-1.0,driving,
2943.7380,0.89,-1.0,driving,
2943.7777,0.8645,-1.0,driving,
2943.7852,0.8577,-1.0,driving,
2943.7917,0.8441,-1.0,driving,
2943.8004,0.8248,-1.0,driving,
2943.8069,0.7995,-1.0,driving,
2943.8157,0.7696,-1.0,driving,
2943.8220,0.7369,-1.0,driving,
2943.8307,0.7035,-1.0,driving,
2943.8372,0.6678,-1.0,driving,
2943.8448,0.6314,-1.0,driving,
2943.8524,0.5922,-1.0,driving,
2943.8600,0.5511,-1.0,driving,
2943.8675,0.513,-1.0,driving,
2943.8751,0.4783,-1.0,driving,
2943.8827,0.4462,-1.0,driving,
2943.8903,0.4163,-1.0,driving,
2943.8967,0.3881,-1.0,driving,
2943.9054,0.3611,-1.0,driving,
2943.9119,0.3362,-1.0,driving,
2943.9205,0.3143,-1.0,driving,
2943.9271,0.2943,-1.0,driving,
2943.9357,0.2763,-1.0,driving,
2943.9422,0.2606,-1.0,driving,
2943.9498,0.2461,-1.0,driving,
2943.9572,0.2329,-1.0,driving,
2943.9648,0.2214,-1.0,driving,
2943.9722,0.212,-1.0,driving,
2943.9799,0.2042,-1.0,driving,
2943.9875,0.1971,-1.0,driving,
2943.9950,0.1911,-1.0,driving,
2944.0021,0.1859,-1.0,driving,
2944.0107,0.1804,-1.0,driving,
2944.0172,0.1741,-1.0,driving,
2944.0248,0.1666,-1.0,driving,
2944.0323,0.1593,-1.0,driving,
2944.0397,0.1526,-1.0,driving,
2944.0473,0.1466,-1.0,driving,
2944.0547,0.1407,-1.0,driving,
2944.0624,0.1348,-1.0,driving,
2944.0697,0.1288,-1.0,driving,
2944.0772,0.1226,-1.0,driving,
2944.0847,0.1171,-1.0,driving,
2944.0922,0.1126,-1.0,driving,
2944.0997,0.109,-1.0,driving,
2944.1072,0.106,-1.0,driving,
2944.1143,0.1037,-1.0,driving,
2944.1302,0.1007,-1.0,driving,
2944.1455,0.0997,-1.0,driving,
2944.1654,0.0997,-1.0,driving,
2944.1816,0.1018,-1.0,driving,
2944.1903,0.1109,-1.0,driving,
2944.1968,0.1259,-1.0,driving,
2944.2052,0.1435,-1.0,driving,
2944.2118,0.1673,-1.0,driving,
2944.2205,0.2006,-1.0,driving,
2944.2270,0.421,-1.0,driving,
2944.2356,0.4434,-1.0,driving,
2944.2421,0.6673,-1.0,driving,
2944.2508,0.6673,-0.86,driving,
2944.2514,0.6958,-0.86,driving,
2944.2584,0.6958,-0.8183,driving,
2944.2590,0.89,-0.8183,driving,
2944.2644,0.89,-0.4231,driving,
2944.2724,0.89,-0.1636,driving,
2944.2798,0.89,-0.1238,driving,
2944.2873,0.89,-0.0,driving,
2944.3101,0.89,-0.0,driving,
2944.3327,0.89,0.03,driving,
2944.3403,0.89,0.0635,driving,
2944.3467,0.89,0.096,driving,
2944.3554,0.89,0.1268,driving,
2944.3617,0.89,0.1566,driving,
2944.3704,0.89,0.1865,driving,
2944.3769,0.89,0.2158,driving,
2944.3856,0.89,0.2424,driving,
2944.3921,0.89,0.2668,driving,
2944.4007,0.89,0.2882,driving,
2944.4072,0.89,0.3066,driving,
2944.4148,0.89,0.3226,driving,
2944.4224,0.89,0.3365,driving,
2944.4298,0.89,0.3486,driving,
2944.4375,0.89,0.3595,driving,
2944.4448,0.89,0.3701,driving,
2944.4525,0.89,0.3805,driving,
2944.4597,0.89,0.3914,driving,
2944.4674,0.89,0.4025,driving,
2944.4748,0.89,0.4134,driving,
2944.4825,0.89,0.4239,driving,
2944.4901,0.89,0.4342,driving,
2944.4976,0.89,0.4446,driving,
2944.5052,0.89,0.4552,driving,
2944.5127,0.89,0.4671,driving,
2944.5202,0.89,0.481,driving,
2944.5267,0.89,0.4963,driving,
2944.5354,0.89,0.5138,driving,
2944.5419,0.89,0.5327,driving,
2944.5505,0.89,0.552,driving,
2944.5570,0.89,0.5717,driving,
2944.5657,0.89,0.593,driving,
2944.5722,0.89,0.6174,driving,
2944.5796,0.89,0.6453,driving,
2944.5872,0.89,0.6719,driving,
2944.5948,0.89,0.6989,driving,
2944.5955,0.0,0.0,driving,
2946.0650,-0.0,-0.0,driving,
2946.0736,-0.0,-0.0,driving,
2946.0949,-0.0,-0.0,driving,
2946.1173,-0.0,0.1982,driving,
2946.1247,-0.0,0.2137,driving,
2946.1254,-0.0053,0.2137,driving,
2946.1323,-0.0053,0.2463,driving,
2946.1327,-0.0211,0.2463,driving,
2946.1397,-0.0211,0.2851,driving,
2946.1403,-0.0352,0.2851,driving,
2946.1473,-0.0352,0.3284,driving,
2946.1479,-0.0482,0.3284,driving,
2946.1549,-0.0482,0.5996,driving,
2946.1556,-0.0611,0.5996,driving,
2946.1625,-0.0611,0.6115,driving,
2946.1632,-0.0755,0.6115,driving,
2946.1702,-0.0755,0.6395,driving,
2946.1708,-0.0904,0.6395,driving,
2946.1777,-0.0904,0.6772,driving,
2946.1783,-0.1083,0.6772,driving,
2946.1852,-0.1083,0.7213,driving,
2946.1858,-0.1295,0.7213,driving,
2946.1918,-0.1295,0.957,driving,
2946.1924,-0.1542,0.957,driving,
2946.2005,-0.1542,1.0,driving,
2946.2011,-0.1834,1.0,driving,
2946.2069,-0.2145,1.0,driving,
2946.2156,-0.2407,1.0,driving,
2946.2221,-0.266,1.0,driving,
2946.2307,-0.2895,1.0,driving,
2946.2372,-0.3098,1.0,driving,
2946.2448,-0.3266,1.0,driving,
2946.2524,-0.3408,1.0,driving,
2946.2600,-0.3533,1.0,driving,
2946.2675,-0.3643,1.0,driving,
2946.2751,-0.3753,1.0,driving,
2946.2826,-0.3869,1.0,driving,
2946.2903,-0.3976,1.0,driving,
2946.2967,-0.4072,1.0,driving,
2946.3054,-0.416,1.0,driving,
2946.3119,-0.416,0.9997,driving,
2946.3125,-0.424,0.9997,driving,
2946.3208,-0.424,0.9995,driving,
2946.3215,-0.4307,0.9995,driving,
2946.3272,-0.4361,0.9995,driving,
2946.3348,-0.4406,0.9995,driving,
2946.3423,-0.4445,0.9995,driving,
2946.3499,-0.4479,0.9995,driving,
2946.3575,-0.451,0.9995,driving,
2946.3650,-0.451,0.9953,driving,
2946.3656,-0.4537,0.9953,driving,
2946.3726,-0.4561,0.9953,driving,
2946.3802,-0.4581,0.9953,driving,
2946.3953,-0.4611,0.9953,driving,
2946.4018,-0.4611,0.992,driving,
2946.4168,-0.4637,0.992,driving,
2946.4371,-0.4637,0.992,driving,
2946.4768,-0.4637,0.992,driving,
2946.4972,-0.4637,0.992,driving,
2946.5176,-0.4637,0.992,driving,
2946.5380,-0.4637,0.992,driving,
2946.5520,-0.4657,0.992,driving,
2946.5606,-0.46,0.992,driving,
2946.5671,-0.46,0.985,driving,
2946.5677,-0.4462,0.985,driving,
2946.5747,-0.4462,0.9719,driving,
2946.5753,-0.4284,0.9719,driving,
2946.5824,-0.4284,0.9448,driving,
2946.5829,-0.4044,0.9448,driving,
2946.5902,-0.4044,0.9032,driving,
2946.5908,-0.3744,0.9032,driving,
2946.5914,0.0,0.0,driving,
2948.2103,-0.0,-0.0563,driving,
2948.2176,-0.0,-0.0775,driving,
2948.2253,-0.0,-0.1072,driving,
2948.2319,-0.0,-0.1473,driving,
2948.2407,-0.0,-0.4026,driving,
2948.2474,-0.0,-0.4235,driving,
2948.2551,-0.0,-0.4613,driving,
2948.2627,-0.0,-0.7384,driving,
2948.2702,-0.0,-0.7597,driving,
2948.2767,-0.0,-1.0,driving,
2948.2856,-0.1086,-1.0,driving,
2948.2922,-0.1305,-1.0,driving,
2948.2999,-0.1528,-1.0,driving,
2948.3075,-0.1706,-1.0,driving,
2948.3151,-0.1846,-1.0,driving,
2948.3227,-0.1957,-1.0,driving,
2948.3304,-0.2043,-1.0,driving,
2948.3369,-0.2107,-1.0,driving,
2948.3605,-0.2078,-1.0,driving,
2948.3671,-0.2042,-1.0,driving,
2948.3757,-0.2002,-1.0,driving,
2948.3823,-0.1959,-1.0,driving,
2948.3899,-0.1915,-1.0,driving,
2948.3976,-0.1878,-1.0,driving,
2948.4052,-0.1848,-1.0,driving,
2948.4203,-0.1798,-1.0,driving,
2948.4354,-0.1765,-1.0,driving,
2948.4558,-0.1765,-1.0,driving,
2948.4719,-0.1735,-1.0,driving,
2948.5117,-0.1735,-1.0,driving,
2948.5319,-0.1735,-1.0,driving,
2948.5716,-0.1735,-1.0,driving,
2948.5921,-0.1735,-1.0,driving,
2948.6071,-0.1762,-1.0,driving,
2948.6146,-0.1798,-1.0,driving,
2948.6222,-0.1862,-1.0,driving,
2948.6297,-0.194,-1.0,driving,
2948.6372,-0.2014,-1.0,driving,
2948.6447,-0.2086,-1.0,driving,
2948.6524,-0.2159,-1.0,driving,
2948.6601,-0.2247,-1.0,driving,
2948.6675,-0.2341,-1.0,driving,
2948.6750,-0.2438,-1.0,driving,
2948.6756,0.0,0.0,driving,
2951.5773,0.1201,-0.0807,driving,
2951.5860,0.1201,-0.1136,driving,
2951.5871,0.1529,-0.1136,driving,
2951.5924,0.1529,-0.1553,driving,
2951.5930,0.1895,-0.1553,driving,
2951.5999,0.1895,-0.4069,driving,
2951.6005,0.2275,-0.4069,driving,
2951.6075,0.2275,-0.4243,driving,
2951.6081,0.4597,-0.4243,driving,
2951.6151,0.4597,-0.4572,driving,
2951.6157,0.4736,-0.4572,driving,
2951.6227,0.4736,-0.7007,driving,
2951.6233,0.4998,-0.7007,driving,
2951.6303,0.4998,-0.7257,driving,
2951.6309,0.5337,-0.7257,driving,
2951.6368,0.5337,-0.7723,driving,
2951.6374,0.5738,-0.7723,driving,
2951.6455,0.5738,-1.0,driving,
2951.6461,0.7919,-1.0,driving,
2951.6520,0.8043,-1.0,driving,
2951.6607,0.8201,-1.0,driving,
2951.6672,0.8337,-1.0,driving,
2951.6743,0.89,-1.0,driving,
2951.6944,0.89,-1.0,driving,
2951.7153,0.89,-1.0,driving,
2951.7357,0.89,-1.0,driving,
2951.7556,0.89,-1.0,driving,
2951.7956,0.89,-1.0,driving,
2951.8161,0.89,-1.0,driving,
2951.8557,0.89,-1.0,driving,
2951.8759,0.89,-1.0,driving,
2951.9158,0.89,-1.0,driving,
2951.9362,0.89,-1.0,driving,
2951.9567,0.89,-1.0,driving,
2951.9771,0.89,-1.0,driving,
2952.0166,0.89,-1.0,driving,
2952.0369,0.89,-1.0,driving,
2952.0572,0.89,-1.0,driving,
2952.0973,0.89,-1.0,driving,
2952.1173,0.89,-1.0,driving,
2952.1379,0.89,-1.0,driving,
2952.1777,0.89,-1.0,driving,
2952.1981,0.89,-1.0,driving,
2952.2377,0.89,-1.0,driving,
2952.2452,0.8372,-1.0,driving,
2952.2517,0.8372,-0.9569,driving,
2952.2523,0.8241,-0.9569,driving,
2952.2604,0.8241,-0.9373,driving,
2952.2610,0.802,-0.9373,driving,
2952.2669,0.802,-0.9087,driving,
2952.2675,0.773,-0.9087,driving,
2952.2681,0.0,0.0,driving,
2956.6108,-0.0,-0.0,driving,
2956.6331,-0.0,-0.0,driving,
2956.6557,-0.0,-0.0,driving,
2956.6782,-0.0,0.1465,driving,
2956.6847,-0.0,0.1734,driving,
2956.6853,0.0095,0.1734,driving,
2956.6933,0.0095,0.4479,driving,
2956.6939,0.0436,0.4479,driving,
2956.6998,0.0436,0.4812,driving,
2956.7005,0.0838,0.4812,driving,
2956.7075,0.0838,0.8085,driving,
2956.7081,0.3398,0.8085,driving,
2956.7152,0.3398,1.0,driving,
2956.7158,0.3641,1.0,driving,
2956.7227,0.4021,1.0,driving,
2956.7303,0.4372,1.0,driving,
2956.7368,0.4689,1.0,driving,
2956.7455,0.497,1.0,driving,
2956.7531,0.5219,1.0,driving,
2956.7606,0.5442,1.0,driving,
2956.7671,0.5647,1.0,driving,
2956.7747,0.5833,1.0,driving,
2956.7833,0.6,1.0,driving,
2956.7898,0.6148,1.0,driving,
2956.7985,0.6268,1.0,driving,
2956.8051,0.6366,1.0,driving,
2956.8136,0.6442,1.0,driving,
2956.8201,0.6503,1.0,driving,
2956.8277,0.656,1.0,driving,
2956.8352,0.6618,1.0,driving,
2956.8428,0.668,1.0,driving,
2956.8504,0.6737,1.0,driving,
2956.8578,0.6792,1.0,driving,
2956.8654,0.6843,1.0,driving,
2956.8729,0.6895,1.0,driving,
2956.8805,0.6947,1.0,driving,
2956.8880,0.6997,1.0,driving,
2956.8956,0.7048,1.0,driving,
2956.9031,0.7097,1.0,driving,
2956.9106,0.7142,1.0,driving,
2956.9183,0.7182,1.0,driving,
2956.9247,0.7214,1.0,driving,
2956.9333,0.7244,1.0,driving,
2956.9473,0.7291,1.0,driving,
2956.9624,0.7329,1.0,driving,
2956.9827,0.7329,1.0,driving,
2956.9935,0.7359,1.0,driving,
2957.0141,0.7359,1.0,driving,
2957.0537,0.7359,1.0,driving,
2957.0742,0.7359,1.0,driving,
2957.0903,0.7349,1.0,driving,
2957.1107,0.7349,1.0,driving,
2957.1129,0.7312,1.0,driving,
2957.1356,0.7284,1.0,driving,
2957.1560,0.7284,1.0,driving,
2957.1582,0.7261,1.0,driving,
2957.1781,0.7261,1.0,driving,
2957.1802,0.7251,1.0,driving,
2957.2009,0.7251,1.0,driving,
2957.2106,0.7216,1.0,driving,
2957.2310,0.7216,1.0,driving,
2957.2482,0.7194,1.0,driving,
2957.2857,0.7173,1.0,driving,
2957.3061,0.7173,1.0,driving,
2957.3458,0.7173,1.0,driving,
2957.3533,0.7151,1.0,driving,
2957.3737,0.7151,1.0,driving,
2957.3835,0.7141,1.0,driving,
2957.4038,0.7141,1.0,driving,
2957.4061,0.7106,1.0,driving,
2957.4458,0.7106,1.0,driving,
2957.4662,0.7106,1.0,driving,
2957.5059,0.7106,1.0,driving,
2957.5252,0.7052,1.0,driving,
2957.5328,0.7,1.0,driving,
2957.5405,0.6951,1.0,driving,
2957.5480,0.6911,1.0,driving,
2957.5556,0.6876,1.0,driving,
2957.5633,0.6839,1.0,driving,
2957.5696,0.6788,1.0,driving,
2957.5784,0.6707,1.0,driving,
2957.5846,0.6707,0.9753,driving,
2957.5848,0.6578,0.9753,driving,
2957.5935,0.6578,0.9624,driving,
2957.5942,0.6395,0.9624,driving,
2957.6000,0.6395,0.9329,driving,
2957.6007,0.613,0.9329,driving,
2957.6078,0.613,0.8861,driving,
2957.6085,0.5787,0.8861,driving,
2957.6091,0.0,0.0,driving,
2960.3232,-0.0,-0.0,driving,
2960.3456,-0.0,-0.0,driving,
2960.3681,-0.0,-0.0,driving,
2960.3832,-0.0,-0.0168,driving,
2960.3907,-0.0,-0.0528,driving,
2960.3913,-0.2162,-0.0528,driving,
2960.3983,-0.2162,-0.3402,driving,
2960.3989,-0.2388,-0.3402,driving,
2960.4048,-0.2388,-0.3741,driving,
2960.4055,-0.4804,-0.3741,driving,
2960.4136,-0.4804,-0.7083,driving,
2960.4143,-0.5103,-0.7083,driving,
2960.4200,-0.5103,-0.9688,driving,
2960.4206,-0.8296,-0.9688,driving,
2960.4287,-0.8236,-0.9688,driving,
2960.4352,-0.8236,-0.9745,driving,
2960.4358,-0.8126,-0.9745,driving,
2960.4427,-0.8126,-1.0,driving,
2960.4434,-0.8005,-1.0,driving,
2960.4504,-0.7877,-1.0,driving,
2960.4579,-0.7735,-1.0,driving,
2960.4655,-0.7575,-1.0,driving,
2960.4731,-0.7385,-1.0,driving,
2960.4807,-0.7182,-1.0,driving,
2960.4883,-0.6984,-1.0,driving,
2960.4947,-0.6792,-1.0,driving,
2960.5034,-0.661,-1.0,driving,
2960.5098,-0.6432,-1.0,driving,
2960.5185,-0.6252,-1.0,driving,
2960.5250,-0.6063,-1.0,driving,
2960.5336,-0.5883,-1.0,driving,
2960.5402,-0.5705,-1.0,driving,
2960.5477,-0.5524,-1.0,driving,
2960.5553,-0.5345,-1.0,driving,
2960.5628,-0.5167,-1.0,driving,
2960.5704,-0.5006,-1.0,driving,
2960.5779,-0.4851,-1.0,driving,
2960.5853,-0.4704,-1.0,driving,
2960.5930,-0.457,-1.0,driving,
2960.6006,-0.4447,-1.0,driving,
2960.6082,-0.4339,-1.0,driving,
2960.6146,-0.4246,-1.0,driving,
2960.6232,-0.4165,-1.0,driving,
2960.6297,-0.4082,-1.0,driving,
2960.6383,-0.4004,-1.0,driving,
2960.6448,-0.3932,-1.0,driving,
2960.6534,-0.3867,-1.0,driving,
2960.6599,-0.3809,-1.0,driving,
2960.6686,-0.3759,-1.0,driving,
2960.6751,-0.3715,-1.0,driving,
2960.6837,-0.367,-1.0,driving,
2960.6902,-0.3619,-1.0,driving,
2960.6977,-0.3564,-1.0,driving,
2960.7053,-0.351,-1.0,driving,
2960.7128,-0.3452,-1.0,driving,
2960.7204,-0.3393,-1.0,driving,
2960.7291,-0.3334,-1.0,driving,
2960.7356,-0.3277,-1.0,driving,
2960.7432,-0.3224,-1.0,driving,
2960.7507,-0.3172,-1.0,driving,
2960.7583,-0.3125,-1.0,driving,
2960.7648,-0.3084,-1.0,driving,
2960.7734,-0.3051,-1.0,driving,
2960.7885,-0.3001,-1.0,driving,
2960.8035,-0.2947,-1.0,driving,
2960.8100,-0.2915,-1.0,driving,
2960.8185,-0.2885,-1.0,driving,
2960.8250,-0.2855,-1.0,driving,
2960.8402,-0.2804,-1.0,driving,
2960.8553,-0.2765,-1.0,driving,
2960.8702,-0.2728,-1.0,driving,
2960.8851,-0.2694,-1.0,driving,
2960.9078,-0.2666,-1.0,driving,
2960.9281,-0.2666,-1.0,driving,
2960.9453,-0.2631,-1.0,driving,
2960.9658,-0.2631,-1.0,driving,
2960.9756,-0.2598,-1.0,driving,
2960.9959,-0.2598,-1.0,driving,
2961.0208,-0.2619,-1.0,driving,
2961.0283,-0.2735,-1.0,driving,
2961.0348,-0.2841,-1.0,driving,
2961.0434,-0.2942,-1.0,driving,
2961.0499,-0.3037,-1.0,driving,
2961.0586,-0.3138,-1.0,driving,
2961.0652,-0.3256,-1.0,driving,
2961.0736,-0.3374,-1.0,driving,
2961.0804,-0.3483,-1.0,driving,
2961.0881,-0.3585,-1.0,driving,
2961.0956,-0.3678,-1.0,driving,
2961.1033,-0.3768,-1.0,driving,
2961.1099,-0.3855,-1.0,driving,
2961.1106,0.0,0.0,driving,
2968.0925,0.1599,-0.0,driving,
2968.0998,0.1819,-0.0,driving,
2968.1083,0.2087,-0.0,driving,
2968.1147,0.2369,-0.0,driving,
2968.1232,0.2683,-0.0,driving,
2968.1295,0.4786,-0.0,driving,
2968.1381,0.4967,-0.0,driving,
2968.1444,0.5313,-0.0,driving,
2968.1529,0.7947,-0.0,driving,
2968.1595,0.89,-0.0,driving,
2968.1834,0.89,-0.0,driving,
2968.1895,0.89,-0.0082,driving,
2968.1981,0.89,-0.0481,driving,
2968.2044,0.89,-0.3133,driving,
2968.2134,0.89,-0.3277,driving,
2968.2199,0.89,-0.3495,driving,
2968.2287,0.89,-0.3756,driving,
2968.2353,0.89,-0.4042,driving,
2968.2430,0.89,-0.434,driving,
2968.2505,0.89,-0.4697,driving,
2968.2583,0.89,-0.5083,driving,
2968.2644,0.89,-0.5494,driving,
2968.2729,0.89,-0.5949,driving,
2968.2793,0.89,-0.6384,driving,
2968.2882,0.89,-0.6773,driving,
2968.2948,0.89,-0.7151,driving,
2968.3035,0.89,-0.7486,driving,
2968.3102,0.89,-0.7783,driving,
2968.3178,0.89,-0.8068,driving,
2968.3257,0.89,-0.8349,driving,
2968.3332,0.89,-0.8614,driving,
2968.3398,0.89,-0.885,driving,
2968.3485,0.89,-0.9047,driving,
2968.3551,0.89,-0.9205,driving,
2968.3628,0.89,-0.9336,driving,
2968.3705,0.89,-0.9443,driving,
2968.3782,0.89,-0.953,driving,
2968.3847,0.89,-0.96,driving,
2968.3935,0.89,-0.9656,driving,
2968.4002,0.89,-0.9701,driving,
2968.4077,0.89,-0.9739,driving,
2968.4154,0.89,-0.9771,driving,
2968.4231,0.89,-0.9803,driving,
2968.4377,0.89,-0.9859,driving,
2968.4525,0.89,-1.0,driving,
2968.4726,0.89,-1.0,driving,
2968.4928,0.89,-1.0,driving,
2968.5129,0.8768,-1.0,driving,
2968.5193,0.8711,-1.0,driving,
2968.5281,0.8594,-1.0,driving,
2968.5347,0.8431,-1.0,driving,
2968.5435,0.8245,-1.0,driving,
2968.5499,0.803,-1.0,driving,
2968.5587,0.7791,-1.0,driving,
2968.5652,0.7536,-1.0,driving,
2968.5729,0.7256,-1.0,driving,
2968.5804,0.695,-1.0,driving,
2968.5882,0.6598,-1.0,driving,
2968.5947,0.6243,-1.0,driving,
2968.5954,0.0,0.0,driving,
2969.7652,0.0405,-0.0,driving,
2969.7733,0.0555,-0.0,driving,
2969.7802,0.0716,-0.0,driving,
2969.7879,0.091,-0.0,driving,
2969.7955,0.1134,-0.0,driving,
2969.8032,0.1364,-0.0,driving,
2969.8098,0.161,-0.0,driving,
2969.8186,0.1894,-0.0,driving,
2969.8251,0.2205,-0.0,driving,
2969.8328,0.2532,-0.0,driving,
2969.8405,0.292,-0.0,driving,
2969.8482,0.5191,-0.0,driving,
2969.8548,0.5344,-0.0,driving,
2969.8636,0.5344,0.0862,driving,
2969.8643,0.56,0.0862,driving,
2969.8702,0.56,0.1142,driving,
2969.8708,0.5968,0.1142,driving,
2969.8779,0.5968,0.379,driving,
2969.8786,0.823,0.379,driving,
2969.8857,0.823,0.4037,driving,
2969.8864,0.89,0.4037,driving,
2969.8935,0.89,0.6578,driving,
2969.9001,0.89,0.6888,driving,
2969.9077,0.89,0.7157,driving,
2969.9154,0.89,0.739,driving,
2969.9359,0.89,0.739,driving,
2969.9382,0.89,0.8077,driving,
2969.9448,0.89,0.8309,driving,
2969.9454,0.8796,0.8309,driving,
2969.9536,0.8796,0.852,driving,
2969.9543,0.8736,0.852,driving,
2969.9614,0.8736,0.872,driving,
2969.9621,0.8625,0.872,driving,
2969.9680,0.8625,0.8918,driving,
2969.9687,0.8497,0.8918,driving,
2969.9756,0.8497,0.9118,driving,
2969.9762,0.8347,0.9118,driving,
2969.9832,0.8347,1.0,driving,
2969.9838,0.8165,1.0,driving,
2969.9897,0.7949,1.0,driving,
2969.9983,0.7707,1.0,driving,
2970.0049,0.7473,1.0,driving,
2970.0138,0.7256,1.0,driving,
2970.0203,0.7039,1.0,driving,
2970.0281,0.6845,1.0,driving,
2970.0356,0.6667,1.0,driving,
2970.0433,0.6505,1.0,driving,
2970.0499,0.6363,1.0,driving,
2970.0586,0.6242,1.0,driving,
2970.0652,0.6135,1.0,driving,
2970.0729,0.6027,1.0,driving,
2970.0806,0.5924,1.0,driving,
2970.0883,0.5828,1.0,driving,
2970.0949,0.5742,1.0,driving,
2970.1036,0.5662,1.0,driving,
2970.1102,0.5587,1.0,driving,
2970.1179,0.5519,1.0,driving,
2970.1256,0.5457,1.0,driving,
2970.1333,0.5399,1.0,driving,
2970.1398,0.5354,1.0,driving,
2970.1483,0.5316,1.0,driving,
2970.1549,0.5283,1.0,driving,
2970.1636,0.5259,1.0,driving,
2970.1697,0.5238,1.0,driving,
2970.1850,0.5207,1.0,driving,
2970.2054,0.5207,1.0,driving,
2970.2088,0.5184,1.0,driving,
2970.2293,0.5184,1.0,driving,
2970.2530,0.5338,1.0,driving,
2970.2606,0.5524,1.0,driving,
2970.2683,0.5759,1.0,driving,
2970.2749,0.6034,1.0,driving,
2970.2835,0.6354,1.0,driving,
2970.2899,0.6354,0.9968,driving,
2970.2905,0.6716,0.9968,driving,
2970.2986,0.6716,0.9874,driving,
2970.2992,0.8834,0.9874,driving,
2970.3053,0.8834,0.9724,driving,
2970.3059,0.89,0.9724,driving,
2970.3130,0.89,0.9508,driving,
2970.3207,0.89,0.9193,driving,
2970.3284,0.89,0.8821,driving,
2970.3350,0.89,0.8394,driving,
2970.3437,0.89,0.796,driving,
2970.3503,0.89,0.7503,driving,
2970.3580,0.89,0.4974,driving,
2970.3653,0.89,0.4882,driving,
2970.3732,0.89,0.4689,driving,
2970.3798,0.89,0.4391,driving,
2970.3885,0.89,0.3957,driving,
2970.3951,0.89,0.1389,driving,
2970.4028,0.89,0.1226,driving,
2970.4104,0.89,0.094,driving,
2970.4180,0.89,0.0576,driving,
2970.4257,0.89,0.0119,driving,
2970.4333,0.89,-0.0,driving,
2970.4485,0.89,-0.0038,driving,
2970.4551,0.89,-0.3369,driving,
2970.4627,0.89,-0.3657,driving,
2970.4704,0.89,-0.6028,driving,
2970.4781,0.89,-0.624,driving,
2970.4847,0.89,-0.6624,driving,
2970.4935,0.89,-0.7081,driving,
2970.5001,0.89,-0.9785,driving,
2970.5078,0.89,-1.0,driving,
2970.5283,0.89,-1.0,driving,
2970.5681,0.89,-1.0,driving,
2970.6079,0.89,-1.0,driving,
2970.6284,0.89,-1.0,driving,
2970.6682,0.89,-1.0,driving,
2970.7073,0.89,-1.0,driving,
2970.7279,0.89,-1.0,driving,
2970.7485,0.89,-1.0,driving,
2970.7690,0.89,-1.0,driving,
2970.7895,0.89,-1.0,driving,
2970.7929,0.8768,-1.0,driving,
2970.8005,0.8768,-0.8805,driving,
2970.8012,0.87,-0.8805,driving,
2970.8083,0.87,-0.8615,driving,
2970.8089,0.8543,-0.8615,driving,
2970.8150,0.8543,-0.8178,driving,
2970.8156,0.8315,-0.8178,driving,
2970.8162,0.0,0.0,driving,
